scorer,DLC_Resnet50_capstoneTop50Nov8shuffle1_snapshot_015,DLC_Resnet50_capstoneTop50Nov8shuffle1_snapshot_015,DLC_Resnet50_capstoneTop50Nov8shuffle1_snapshot_015,DLC_Resnet50_capstoneTop50Nov8shuffle1_snapshot_015,DLC_Resnet50_capstoneTop50Nov8shuffle1_snapshot_015,DLC_Resnet50_capstoneTop50Nov8shuffle1_snapshot_015,DLC_Resnet50_capstoneTop50Nov8shuffle1_snapshot_015,DLC_Resnet50_capstoneTop50Nov8shuffle1_snapshot_015,DLC_Resnet50_capstoneTop50Nov8shuffle1_snapshot_015,DLC_Resnet50_capstoneTop50Nov8shuffle1_snapshot_015,DLC_Resnet50_capstoneTop50Nov8shuffle1_snapshot_015,DLC_Resnet50_capstoneTop50Nov8shuffle1_snapshot_015,DLC_Resnet50_capstoneTop50Nov8shuffle1_snapshot_015,DLC_Resnet50_capstoneTop50Nov8shuffle1_snapshot_015,DLC_Resnet50_capstoneTop50Nov8shuffle1_snapshot_015,DLC_Resnet50_capstoneTop50Nov8shuffle1_snapshot_015,DLC_Resnet50_capstoneTop50Nov8shuffle1_snapshot_015,DLC_Resnet50_capstoneTop50Nov8shuffle1_snapshot_015,DLC_Resnet50_capstoneTop50Nov8shuffle1_snapshot_015,DLC_Resnet50_capstoneTop50Nov8shuffle1_snapshot_015,DLC_Resnet50_capstoneTop50Nov8shuffle1_snapshot_015
bodyparts,nose,nose,nose,left_ear,left_ear,left_ear,right_ear,right_ear,right_ear,spine_middle,spine_middle,spine_middle,tail_base,tail_base,tail_base,tail_middle,tail_middle,tail_middle,tail_tip,tail_tip,tail_tip
coords,x,y,likelihood,x,y,likelihood,x,y,likelihood,x,y,likelihood,x,y,likelihood,x,y,likelihood,x,y,likelihood
0,267.36108,263.65674,0.90990925,277.69366,272.02545,0.92383873,279.82053,260.93735,0.83659357,287.01498,269.61392,0.94422483,317.092,274.72336,0.97612154,342.06485,267.69467,0.92989755,360.42844,256.1555,0.8870633
1,267.36108,263.65674,0.8985652,277.69366,272.02545,0.91504204,279.82053,260.93735,0.84432703,287.01498,269.61392,0.8949979,317.092,274.72336,0.92633355,342.06485,268.18835,0.98155963,360.42844,256.7784,0.9337773
2,267.36108,263.65674,0.9458841,277.69366,272.02545,0.9435537,279.82053,260.93735,0.92003006,287.01498,269.61392,0.8910026,317.092,274.72336,0.94469833,342.06485,269.91248,0.98712444,360.42844,257.43597,0.9090066
3,266.08215,260.96115,0.96719295,276.3626,269.52573,0.98736453,278.96637,258.84558,0.97633404,284.8111,266.20245,0.89365834,313.47778,274.3506,0.94435626,337.44135,272.9511,0.90685326,355.56854,264.80676,0.9301347
4,264.54913,257.00552,0.8860796,273.87317,267.19193,0.9549739,277.5981,256.8411,0.94199395,282.18665,264.01083,0.9173183,309.67227,274.3506,1.0,334.72482,274.09796,0.84332997,353.19128,265.12836,0.8894
5,263.61472,253.63673,0.9168873,272.6234,264.6722,0.87197673,277.16608,254.19418,0.9524108,281.43515,262.34335,0.98398376,306.12048,274.3506,0.96275294,330.70065,275.1492,0.87285846,348.66855,268.1997,1.0
6,263.5456,250.74368,0.9669757,271.03827,261.84467,0.9258981,277.0556,250.98122,1.0,280.1696,260.28418,0.9831084,303.43872,275.09247,0.9342822,326.8747,280.43176,0.86666214,346.61264,275.80508,0.8558914
7,263.39044,247.48108,0.93813187,270.1094,258.99756,0.984746,276.82034,248.6177,0.96965873,279.76166,258.30576,0.9768547,301.66208,275.09247,0.96333337,324.34396,282.13373,0.889499,344.1314,279.11758,0.864896
8,262.11334,243.65579,0.995429,267.45206,255.70767,0.97435194,276.02618,246.69698,0.98112994,278.02188,255.94406,0.96153194,299.4213,275.09247,0.99111617,321.47247,283.61676,0.9117935,342.74115,280.7575,0.88305545
9,260.44016,240.4417,0.9854985,265.8338,253.33565,1.0,274.88464,244.63509,1.0,276.67447,253.91687,1.0,297.38263,274.87024,0.9678414,319.02438,284.74173,0.87468445,341.26343,281.963,0.89131904
10,258.008,237.47348,0.93817526,264.1921,250.2645,0.97466123,272.57593,242.16246,0.9718178,274.449,251.4807,0.9564092,294.11896,273.2698,0.97987485,316.037,285.01114,0.9311221,337.83322,285.39084,0.92368186
11,255.61499,235.63765,0.9078943,262.32935,247.5307,0.94108593,270.726,238.72777,0.94796884,272.5365,248.9624,0.87782246,290.04776,270.68665,1.0,308.58435,285.847,0.9527835,329.0314,288.55002,0.68170375
12,255.61499,234.84592,0.8919956,262.32935,246.31523,0.95321137,270.03683,236.98329,0.9862275,272.5283,246.4468,0.8992853,287.56107,268.2461,1.0,301.21252,287.10336,0.89028496,320.38828,293.25034,0.7294877
13,255.59106,234.78749,0.8779212,262.32584,245.81033,0.9718916,269.71353,235.91583,0.9843957,272.4929,245.39102,0.9101212,287.32535,267.42453,1.0,297.0969,287.7604,0.93625206,317.2262,303.26624,0.8634324
14,255.47446,234.10812,0.8667015,261.8394,244.58005,0.9607829,269.4932,234.94362,0.95633,271.7864,244.233,0.8940823,287.1112,267.22842,1.0,296.91696,288.1913,0.8732161,317.09894,304.11725,0.8384875
15,255.47446,232.40756,0.8700297,261.8394,242.46223,0.9752805,268.06192,233.057,0.9180743,271.31482,242.66559,0.92272747,284.4207,267.2069,1.0,296.73083,288.1913,0.86631066,316.29968,304.11725,0.8405303
16,253.9668,231.22594,0.90200603,260.5385,240.91676,0.9574716,266.9118,231.83832,0.8609349,269.85812,241.47192,0.9186008,283.8223,266.90335,1.0,295.58655,287.7604,0.86037207,316.29968,303.26624,0.81773084
17,252.65799,229.67726,0.9125269,260.05786,239.03061,0.90035915,266.63974,229.97511,0.85935557,269.46454,239.49341,0.86185706,283.14758,264.03232,1.0,295.51776,284.58508,0.8196501,316.29968,301.63983,0.81864095
18,250.81119,228.8421,0.8631297,258.1404,237.92719,0.8705288,263.72574,229.18718,0.8673979,267.28262,237.78685,0.8697886,282.09628,262.4709,1.0,293.2835,283.0594,0.80004925,311.95276,296.1571,0.5891723
19,248.13306,228.45139,0.8871644,256.33063,237.26009,0.87469226,261.4201,228.44746,0.9397134,265.56708,235.96149,0.89145327,281.31818,260.7924,1.0,292.9468,281.13092,0.82364106,310.25977,294.38174,0.79009
20,247.50035,227.75453,0.93051296,256.33063,236.87817,0.8759732,260.77725,227.95824,0.9483435,264.9957,235.20679,0.93891805,281.31818,259.84903,1.0,292.9468,280.08398,0.8389555,310.25977,293.25574,0.75388724
21,247.50035,227.13461,0.9336237,256.33063,236.28195,0.84008455,260.77725,227.30711,0.952388,264.9957,234.27652,0.89943737,281.31818,257.2879,0.98977673,292.9468,277.5356,0.89497566,310.25977,292.6436,0.73403674
22,247.50035,225.7718,0.86965835,257.12198,234.5242,0.8442519,260.77725,226.18045,0.91230124,264.9957,233.8549,0.86471975,281.9062,255.8187,0.99681556,294.1428,275.28754,0.8871986,310.39938,290.47595,0.75475633
23,248.36339,224.59258,0.7541171,257.8851,233.1133,0.8155784,261.6,225.15353,0.8491034,266.908,233.08449,0.89340234,282.4536,254.14091,1.0,295.1797,273.97092,0.8744894,310.76328,289.9837,0.802714
24,248.36339,222.879,0.7821096,258.09875,232.13597,0.8046242,261.74384,223.13458,0.886676,267.35196,231.7969,0.9384278,282.4536,253.86493,1.0,295.1797,273.53214,0.873254,310.76328,289.46912,0.79412603
25,249.11415,221.86308,0.80868024,258.1595,230.90356,0.85006744,261.97623,221.8511,0.8856432,267.69986,230.81963,0.9617746,282.4536,252.7976,1.0,295.1797,272.23093,0.844495,310.52496,288.97934,0.81640786
26,249.24963,220.7342,0.7632926,258.10098,230.17734,0.81039906,262.27576,221.5349,0.82666093,267.69986,230.05324,0.9326488,282.3578,252.66515,1.0,295.18448,272.01086,0.8757473,310.52496,288.10358,0.84471494
27,250.06226,219.24184,0.7709063,258.10098,228.87247,0.8393605,263.1176,219.86174,0.7934946,267.69986,228.85927,0.90955096,282.32834,252.4635,1.0,295.00464,271.58212,0.8730072,310.52496,287.9135,0.84025735
28,251.10336,217.24907,0.8644076,258.10098,227.34227,0.914397,264.11432,218.0196,0.81718785,267.55804,227.74973,0.9313215,282.29535,252.40614,1.0,295.00464,271.58212,0.8479315,310.52496,287.9135,0.8556833
29,251.47969,215.67468,0.8435919,257.9673,226.01413,0.8967139,264.11432,218.00159,0.7841243,267.32236,226.73692,0.9074011,281.6707,252.40614,1.0,294.81757,271.58212,0.889159,311.3422,287.9135,0.8111975
30,251.6826,215.46461,0.95317155,257.9673,225.59784,0.93270016,264.1612,216.84673,0.81811816,266.88913,226.29033,0.9183204,281.57693,252.40614,1.0,294.59482,271.8869,0.81385237,312.99692,289.89383,0.8155996
31,251.92046,215.35551,0.9545891,257.9673,225.54086,0.9618921,264.28928,216.30453,0.8527692,266.88913,226.25732,0.92458284,281.42288,252.29346,1.0,294.59482,271.8869,0.85083485,312.99692,289.89383,0.7886131
32,252.38068,215.07817,0.96346885,258.03687,225.20932,0.976249,264.28928,216.27243,0.84080446,266.88913,225.99408,0.9348259,281.42288,252.29346,1.0,294.92316,271.8869,0.84156185,313.31448,289.89383,0.8047009
33,252.66823,215.07817,0.95602936,258.46497,225.04886,0.9518011,264.42636,216.14735,0.82378316,267.39606,225.39012,0.9209223,281.42288,251.45473,1.0,294.92316,270.08743,0.8649343,313.31448,289.52243,0.81668204
34,252.66823,214.73506,0.94139117,258.80276,224.6065,0.9122725,264.42636,215.60677,0.79879934,267.41226,224.96774,0.91316056,282.34692,250.33994,1.0,296.77734,268.24707,0.8339301,313.6354,289.32962,0.7807297
35,252.66823,214.1178,0.95252645,258.80276,223.53246,0.8962077,264.42636,214.45113,0.8363796,267.41226,223.80717,0.887908,283.73874,246.02663,1.0,300.24103,263.6503,0.80235285,313.9793,278.87216,0.6906575
36,251.81812,212.99718,0.96844715,258.80276,222.06285,0.92029524,263.66464,213.40749,0.88845664,267.41226,222.0562,0.9133311,283.73874,244.0814,1.0,300.24103,263.59937,0.84220237,317.51804,276.0098,0.9070408
37,250.88504,212.33769,0.95056504,257.99646,221.34798,0.9149066,262.75302,212.8285,0.916897,266.6799,221.32205,0.90791684,283.73874,243.73405,1.0,300.24103,263.58893,0.84172976,317.53375,276.0098,0.90100133
38,250.0063,211.80011,0.924077,257.76093,220.64056,0.92656064,262.084,211.87958,0.95233005,266.17255,220.06331,0.9330987,283.52396,241.67528,1.0,299.35547,261.22073,0.87769246,317.53375,276.0098,0.86408335
39,248.50092,211.65244,0.8965604,257.56265,220.44377,0.91828936,261.28394,211.56847,0.962611,265.61694,219.43729,0.9717868,283.52396,240.18042,1.0,298.87866,260.46268,0.85240394,317.51804,276.3618,0.9073876
40,247.55974,211.50574,0.92313176,257.56265,220.14914,0.90478694,260.4014,211.23694,0.9833146,265.61694,218.91777,0.94494015,283.52396,238.9782,1.0,298.61258,260.3448,0.83697325,317.464,276.3618,0.8896367
41,247.48412,211.50389,0.92400205,257.56238,219.73193,0.93019974,260.35312,210.64421,0.98225015,265.58823,218.1574,0.94781995,284.135,237.69539,1.0,298.61258,259.83487,0.8404725,317.26013,276.3618,0.88970673
42,247.43869,211.26161,0.927183,257.56265,219.05084,0.93115366,260.26694,209.78899,0.9621052,265.53824,217.0119,0.9450267,284.135,235.57573,1.0,298.61258,257.80746,0.85848415,315.7473,275.54578,0.8979185
43,246.91457,211.26161,0.93513006,257.56265,218.8197,0.8984888,260.0597,209.48532,0.943129,265.53824,216.39986,0.9513166,284.274,234.552,1.0,298.39023,256.10022,0.85846204,313.01984,274.48853,0.8605086
44,246.55681,211.26161,0.94885117,257.56238,218.8197,0.8894378,259.60144,209.48532,0.9341793,265.53802,216.12492,0.945964,284.3937,234.30568,1.0,297.6332,255.83467,0.8514231,313.01984,274.20367,0.8493075
45,246.54262,211.50163,0.96866536,257.56238,218.8197,0.9032713,259.2512,209.48532,0.9439519,265.35327,216.12492,0.9362696,284.3937,233.87949,1.0,297.1879,254.35847,0.8581828,313.01984,273.55286,0.8320912
46,246.48659,211.6141,0.96899,257.7108,218.976,0.9024758,259.2512,209.5602,0.94700915,265.35327,216.12492,0.94343686,285.00406,233.1525,1.0,297.1879,254.28879,0.8730982,313.0131,273.53262,0.8317587
47,246.48186,212.40262,0.96132106,257.76044,219.49881,0.90679646,259.19153,210.0247,0.9418108,265.11874,216.36584,0.93024933,285.1171,233.03162,1.0,297.34244,254.07468,0.86497265,313.0131,273.52563,0.8286908
48,246.27582,213.00209,0.94925493,257.83978,220.0438,0.9239891,259.1801,210.34264,0.9619548,265.1881,216.52821,0.9260609,285.14008,233.00822,1.0,297.34244,254.0664,0.87928426,313.0131,273.52563,0.8307684
49,245.96077,213.58266,0.96007216,257.83978,220.40848,0.91998255,258.85638,210.68718,0.96551436,265.1881,216.52821,0.90983033,285.23904,232.79619,1.0,297.34244,253.95773,0.8849323,312.97617,273.4747,0.82930297
50,245.87488,214.81136,0.9261583,257.76044,221.07861,0.9280636,258.65872,211.15775,0.9522816,265.1135,216.52821,0.8976909,285.5582,231.69656,1.0,297.38113,252.70827,0.9102785,311.25653,272.48196,0.8783646
51,245.26195,214.82445,0.9163043,257.49478,221.09029,0.89636624,257.96634,211.31827,0.9352731,264.1837,216.09096,0.8994051,285.7205,230.8417,1.0,297.4464,252.37495,0.9018365,311.21948,272.253,0.86161023
52,245.2465,214.82779,0.9176164,257.4229,221.10764,0.9009555,257.92624,211.32117,0.942149,264.13354,216.08101,0.9027139,285.7205,230.4301,1.0,297.45755,252.0279,0.904989,311.02188,272.0722,0.87605244
53,245.00784,215.02542,0.91554767,257.15405,221.21736,0.88531095,257.63928,211.49442,0.9287186,264.11572,216.08101,0.9015068,285.64172,230.30269,1.0,297.92358,250.79546,0.9171763,308.40823,270.4363,0.91492385
54,245.00784,215.09981,0.9140602,257.06195,221.2185,0.88900447,257.63928,211.50508,0.93109226,264.11572,216.08101,0.9002018,285.6477,229.95076,1.0,298.07632,249.98056,0.90578717,308.3853,270.0782,0.91602844
55,245.00784,215.32431,0.9238592,257.06195,221.56613,0.919133,257.63928,211.79732,0.9629181,264.11572,216.28758,0.9068685,285.6477,229.95076,1.0,298.078,249.98056,0.8915168,308.37872,269.38254,0.9312715
56,245.24454,216.02638,0.91819036,257.15405,222.07693,0.9142345,257.6867,212.3029,0.97125643,264.13574,216.82985,0.9170419,285.64172,229.95076,1.0,298.15497,249.98056,0.8777783,308.37872,269.38254,0.9226613
57,245.61458,216.03174,0.918964,257.42343,222.07693,0.9328572,258.0637,212.3029,0.97543424,264.58472,217.01271,0.91395974,285.64172,230.4261,1.0,298.15497,250.06625,0.8894645,308.37708,269.36414,0.9103532
58,245.61458,216.08698,0.9032979,257.5655,222.1416,0.9383732,258.0637,212.32674,0.9775526,264.58472,217.16008,0.91239,285.6477,230.8458,1.0,298.15497,250.06625,0.90080607,308.37708,268.93878,0.8935141
59,245.77312,216.2055,0.9078453,257.80475,222.19742,0.9464023,258.0637,212.44125,0.97543687,265.04758,217.85237,0.9149121,285.8083,230.88594,1.0,298.09457,250.06625,0.90427744,308.2605,268.93878,0.89431983
60,245.8733,217.15627,0.9656483,257.81802,222.33943,0.95121586,258.40665,212.7542,1.0,265.0811,217.87701,0.92821467,285.89423,230.88596,1.0,298.09457,250.05081,0.89747965,307.60437,268.6529,0.9192266
61,246.04851,217.15627,0.9537031,258.16724,222.33943,0.9512076,258.40665,212.7542,1.0,265.32645,217.85237,0.92387027,285.91754,230.88596,1.0,298.09457,250.05081,0.9021693,307.60437,268.6529,0.918908
62,246.34785,217.15627,0.9387126,258.7052,222.33943,0.95896316,258.62274,212.7542,1.0,266.1332,217.69017,0.9236656,286.1114,231.14261,1.0,298.10016,250.05081,0.9085023,307.5922,268.6529,0.9137502
63,246.34785,217.07982,0.91232085,258.73193,222.16748,0.95067054,258.82504,212.60985,0.9909206,266.19598,217.69017,0.920836,286.1218,231.26746,1.0,298.1538,250.35855,0.91306347,307.5922,268.71094,0.9122348
64,246.34785,216.2317,0.9159832,258.73193,221.85468,0.95537335,258.896,212.17087,1.0,266.19598,217.54904,0.91584384,286.1854,231.26746,1.0,298.1596,250.40132,0.90398526,307.5922,268.72916,0.90764755
65,246.34785,216.01686,0.9024005,258.73193,221.72346,0.95409447,258.96204,212.01468,1.0,266.25873,217.44777,0.9138393,286.1959,231.31143,1.0,298.1596,250.40132,0.9055433,307.5922,268.72916,0.9086117
66,246.34785,215.8101,0.906485,258.73193,221.71318,0.95491135,258.9726,211.96452,1.0,266.25766,217.41359,0.911712,286.2021,231.31143,1.0,298.4336,250.43037,0.9080318,307.58063,268.76675,0.9057459
67,246.53531,215.80202,0.909782,258.81003,221.68585,0.96137065,259.15448,211.88882,1.0,266.25766,217.36604,0.906071,286.2444,231.45369,1.0,298.48438,250.43369,0.9092945,307.33426,268.76675,0.91927034
68,246.53531,215.59343,0.9144356,258.81003,221.68585,0.9658494,259.20966,211.83134,1.0,266.15756,217.36604,0.9110289,286.24783,231.46812,1.0,298.48438,250.43037,0.909552,307.27014,268.67374,0.9121109
69,246.53531,214.88231,0.9245244,258.81003,221.28062,0.96650267,259.20966,211.46701,1.0,266.0557,217.33847,0.9166028,286.24783,231.48654,1.0,298.48438,250.45949,0.90585744,307.27014,268.67374,0.91538906
70,246.47998,213.84575,0.96613306,258.02374,220.88217,0.9426407,259.29437,210.89325,1.0,265.35648,217.01523,0.9134435,286.2444,231.56888,1.0,298.48438,250.49806,0.9023233,307.33426,268.77267,0.92333406
71,246.47998,212.7463,0.9840345,258.02374,220.30515,0.9247493,259.36746,210.44196,0.99966663,265.35648,216.93399,0.92816406,286.23764,231.72328,1.0,298.3802,250.68254,0.8992002,307.90143,268.90826,0.91912323
72,246.47998,211.897,0.98021275,258.02374,219.74762,0.93275404,259.36746,210.22679,1.0,265.35648,216.78915,0.93863237,285.40787,232.50974,1.0,298.3802,250.83977,0.90139115,307.90143,269.01254,0.91417545
73,248.0292,210.8314,0.9381657,257.99728,219.04933,0.9574221,260.83936,209.32909,0.9751179,266.03134,216.60548,0.94238025,285.35138,232.5738,0.9863832,298.51248,251.04637,0.9042334,307.90143,269.06042,0.9191109
74,249.14827,209.11333,0.9205937,258.01028,218.1374,0.945391,261.76385,208.59044,0.9405555,266.37595,216.48749,0.9546195,285.23703,232.58315,0.96871203,298.47644,251.25224,0.8961561,307.75513,269.12216,0.91563344
75,249.14827,209.11333,0.8821481,258.01028,217.5734,0.9205925,261.76385,208.20305,0.9050619,266.37595,216.0289,0.9664859,285.18924,233.25752,0.98993486,298.47644,252.1201,0.90282893,307.7016,269.96948,0.9120553
76,249.14827,209.11333,0.8831983,257.99728,217.5734,0.91621745,261.76385,208.20305,0.9029546,266.37595,216.0289,0.9613818,285.1282,233.51797,1.0,298.47644,252.1201,0.88949984,307.69855,270.02264,0.9021023
77,247.98534,209.27527,0.91372055,257.8708,217.5734,0.9191134,261.14316,208.20305,0.91353184,266.12262,216.0289,0.9532517,285.0804,233.51797,1.0,298.41745,252.1201,0.9028538,307.60733,270.02606,0.90744054
78,247.52509,210.33737,0.94893724,257.62662,218.21983,0.9346106,260.42383,208.75063,0.9443415,265.72476,216.09723,0.9550022,285.06863,233.51797,1.0,298.38705,252.03157,0.89600813,307.5401,270.02563,0.89710927
79,246.3115,211.00172,0.9814028,257.4366,218.49124,0.9051755,259.4423,209.08006,0.9476872,265.0873,216.1003,0.9361773,285.06863,233.51494,1.0,298.3847,252.01332,0.8977959,307.53696,270.02264,0.8977009
80,246.29985,211.50772,0.98865134,257.4366,219.09315,0.9070503,259.31314,209.60623,0.9594657,265.0873,216.27061,0.94008446,285.0602,233.46114,1.0,298.3847,252.00955,0.901324,307.52222,270.02264,0.8973102
81,246.29985,211.59375,0.98682946,257.4366,219.09315,0.9113957,259.31314,209.60623,0.96221834,265.0873,216.27061,0.94042933,285.0576,233.4102,1.0,298.2969,251.88194,0.90529644,307.53696,270.01508,0.8987776
82,246.29985,211.59375,0.9879778,257.565,219.09315,0.9214085,259.31314,209.60623,0.9667019,265.2375,216.27061,0.94574386,285.05005,233.37976,1.0,298.2735,251.8648,0.90448445,307.51788,269.99255,0.8993397
83,246.8024,211.59375,0.9631886,257.76758,218.60892,0.9104852,259.793,209.2761,0.94384015,265.68814,215.99608,0.94828725,284.9911,233.3464,1.0,298.21045,251.73265,0.907043,307.50824,269.9894,0.90031016
84,246.89075,211.29962,0.9720729,258.05188,218.45946,0.92675513,259.85324,209.08762,0.9567584,265.69922,215.90256,0.95172304,284.9911,233.3224,1.0,298.18314,251.53113,0.9120724,307.4461,269.99255,0.9076004
85,247.8097,210.98808,0.94757575,258.63266,218.16853,0.9447566,260.73425,208.65108,0.9375722,266.56677,215.55133,0.9601213,284.98822,233.28604,1.0,298.16602,251.52968,0.9169587,307.39752,269.9338,0.9131145
86,248.34247,209.23375,0.8988883,258.63266,217.03354,0.92028534,261.2,207.55733,0.8961753,266.8629,215.02963,0.9699725,284.9438,233.19879,0.99103534,298.0687,251.39966,0.91323274,307.37292,269.8676,0.9066142
87,249.22908,207.5539,0.8774021,258.63266,216.19968,0.9217452,261.82184,206.16418,0.90860856,267.1863,214.5136,0.98388517,284.82523,233.19879,0.9760351,297.74002,250.6577,0.9033864,307.1429,269.0956,0.91035736
88,249.71886,205.01273,0.91256154,258.22473,214.94852,0.8982264,263.0066,205.36049,0.92021513,267.3237,214.23103,1.0,284.7907,233.19879,0.9830728,297.74002,250.6577,0.9066249,307.37292,268.73618,0.935316
89,250.33394,203.9619,0.9313036,257.82468,214.05898,0.94107854,263.6091,204.95496,0.9068475,267.37625,213.94228,1.0,284.67264,233.28246,0.9841462,297.6967,250.6577,0.9060933,307.37292,268.69757,0.9433071
90,250.50793,203.17609,0.95207536,257.82468,212.91634,0.9671697,263.80087,203.86917,0.93095297,267.38162,212.91873,1.0,284.44147,233.28246,0.9904279,297.6967,250.66017,0.8717595,308.0448,268.64337,0.8822153
91,250.7345,203.14925,0.95649296,257.8121,212.90709,0.9714875,264.40738,203.58153,0.92587465,267.38162,212.87895,1.0,284.3442,233.28246,0.99057984,297.40378,250.73996,0.881226,308.0739,268.5029,0.9339472
92,250.72179,202.98997,0.95466024,257.7896,212.74527,0.9817109,263.80087,203.17465,0.9364052,267.3237,212.76796,1.0,284.09235,233.28246,0.9802219,296.99127,250.75153,0.89064497,308.47958,268.45016,0.9416691
93,250.72179,202.40402,0.9537088,257.7896,212.20213,0.9726117,263.80087,203.17465,0.91783845,267.32056,212.46994,0.99751693,283.9698,233.28246,0.9889767,296.68918,250.75153,0.8877335,308.47958,268.35703,0.9442861
94,250.72179,202.40402,0.9591166,257.65494,212.14127,0.9741571,263.74982,202.63373,0.91773957,267.17374,212.37048,0.99178433,283.9698,233.17665,1.0,296.36816,250.82799,0.87957007,308.82748,268.35703,0.9220728
95,250.56844,202.40402,0.9710025,257.55667,212.14127,0.97027767,263.53268,202.44818,0.9216319,266.94885,212.0103,0.9806155,283.9698,233.17665,1.0,296.0377,250.82799,0.8720003,308.82748,267.94727,0.9150387
96,249.51163,202.6157,0.96859735,257.55667,212.14127,0.9688842,262.71097,202.44818,0.9403536,266.94885,211.86983,0.9735924,284.32147,232.38245,1.0,295.9934,251.04817,0.8694153,308.82748,267.94727,0.91952944
97,249.25743,203.15007,0.9633383,257.54498,212.49097,0.967394,262.53488,202.44818,0.9515507,266.9303,211.85698,0.97792006,284.32147,232.16528,0.99545944,295.9534,251.02592,0.8685296,308.82053,267.94727,0.9215622
98,249.21545,203.4294,0.96295214,257.42773,212.62885,0.96369517,262.43802,202.50726,0.950893,266.77582,211.74333,0.9790679,284.32147,232.1273,1.0,295.9534,251.02592,0.87735426,308.82053,268.03543,0.92182
99,248.64334,203.85155,0.95103204,257.42773,212.91531,0.94678694,261.81876,202.63608,0.9513062,266.77582,211.73207,0.97171146,284.25647,232.04265,1.0,295.9534,251.02592,0.8758199,308.82053,268.03543,0.91788393
100,248.27048,203.85155,0.9421688,257.3856,212.91531,0.93071675,261.3532,202.63608,0.95834917,266.63556,211.72307,0.9643965,284.08047,231.72559,1.0,295.912,251.02592,0.88166153,308.871,268.03543,0.9127026
101,248.27048,203.85155,0.94742996,257.3856,212.91531,0.9404477,261.32953,202.63608,0.95996714,266.63382,211.57187,0.9656286,283.88095,231.4807,1.0,295.9084,250.84279,0.8786786,308.871,268.02698,0.91556215
102,248.27048,203.3776,0.972269,257.34738,212.04648,0.96342826,261.25888,201.74243,0.9640458,266.48077,210.54834,0.9548975,283.68668,230.77315,1.0,295.9084,250.58481,0.884611,308.871,268.00464,0.91832894
103,248.27048,202.4533,0.98464805,257.21143,210.93628,0.9904305,260.95474,200.7548,0.95927674,266.3457,209.48595,0.9600558,283.24515,229.8808,1.0,294.77014,250.00543,0.904734,307.5144,267.79346,0.94517154
104,248.22745,202.30608,0.9667767,257.21143,210.36661,0.95987916,260.57574,200.23929,0.9698668,265.95178,208.79596,0.9303825,282.93478,228.98618,1.0,294.07007,249.4444,0.90152967,307.4709,267.12698,0.93570036
105,247.74931,202.2613,0.9674951,257.1039,209.83064,0.9082749,259.48578,200.08394,0.95457137,264.4857,206.5213,0.9111098,282.3411,227.5554,1.0,292.64197,248.22838,0.9242031,305.6085,266.8934,0.90121543
106,247.69653,202.04762,0.9665162,257.1039,209.23584,0.8976189,259.48578,199.64175,0.96420354,264.4857,205.61665,0.93147224,281.252,225.8172,1.0,291.9275,247.4592,0.9453512,305.6085,266.62085,0.90324616
107,247.66101,201.37753,0.9540527,257.08893,208.35127,0.8672161,259.48578,198.80154,0.9799201,264.4857,204.5517,0.92993957,280.2857,224.31853,1.0,290.34406,246.59311,0.9848934,305.6085,264.6904,0.855891
108,247.69653,199.91652,0.8980962,257.0328,207.166,0.90100527,259.68567,197.78732,0.97384846,264.62234,203.3972,0.9042525,280.25836,222.91908,1.0,290.24344,245.52084,0.99693424,305.54953,263.06128,0.8067642
109,247.52931,198.22806,0.9315246,256.84482,205.72069,0.90644944,259.68567,196.64095,0.98723215,264.62234,202.38858,0.9028642,280.2196,222.12715,1.0,290.18338,244.81924,1.0,305.54953,263.04926,0.815565
110,247.52931,198.04803,0.9186491,256.84482,205.53633,0.9076501,259.68567,196.4981,0.9753428,264.62234,202.22418,0.89886683,279.41672,221.39812,1.0,288.90567,244.74185,0.98367006,304.92093,263.04926,0.7688157
111,246.99521,198.04803,0.94877714,256.34988,205.40562,0.91359967,259.25085,196.2594,0.99623024,264.00568,201.74231,0.9082807,279.18762,220.54233,1.0,288.90567,244.3406,0.9494595,304.73984,263.04926,0.7776548
112,246.09361,198.04803,0.9701865,255.88797,205.40562,0.9461929,258.40714,196.2594,0.99512804,263.45312,201.74231,0.9335126,279.18762,220.11038,1.0,288.90567,243.60915,0.943317,304.10565,262.35168,0.7588803
113,245.96332,198.10297,0.9563339,255.53996,205.40562,0.92620915,258.20822,196.2594,0.9760729,263.3328,201.74231,0.9391447,279.18762,220.11038,1.0,290.092,242.00555,0.98460907,304.01434,262.21674,0.7766537
114,245.96332,198.10297,0.9194701,255.53996,205.65987,0.89772797,258.20822,196.42072,0.97480065,263.3328,202.1995,0.96190375,279.21225,220.11038,1.0,290.74673,241.34746,1.0,304.01434,262.21674,0.798915
115,245.96332,198.10297,0.9276858,255.46565,205.65987,0.89119035,258.20822,196.42072,0.97472984,263.344,202.1995,0.9602406,279.21292,220.17592,1.0,291.83215,241.34746,0.96342057,303.98846,262.21674,0.74145526
116,246.2783,198.04308,0.95239824,255.46565,205.65987,0.9360278,258.69434,196.42072,1.0,263.344,202.1995,0.9598393,279.21292,220.35791,1.0,291.83215,241.34746,0.9634407,303.87146,262.13986,0.71889544
117,246.28807,196.81824,0.9655224,255.19582,204.87196,0.9475537,258.70917,195.92708,0.99941915,263.2089,201.97914,0.9520941,279.21292,220.35791,1.0,291.83215,241.34746,0.98135346,303.98846,262.13986,0.7375686
118,246.28807,196.10974,0.9812161,255.07095,204.25674,0.9844151,258.8079,195.52943,1.0,263.01932,201.63345,0.9580995,279.12982,220.3975,1.0,291.83215,241.37712,0.9750442,303.98846,262.30396,0.73222196
119,246.2783,195.73152,0.97968465,254.8726,203.94621,0.98697513,258.70917,195.3466,1.0,262.8691,201.49873,0.9588528,278.96063,220.3975,1.0,291.83215,241.45059,0.9638848,304.33218,262.31516,0.7132333
120,246.2783,194.56654,0.969544,254.21259,203.20854,1.0,258.70917,194.4653,0.9903603,262.80865,201.09256,0.97595984,278.79736,220.32399,1.0,291.83478,241.37712,0.9623242,305.36725,263.4635,0.77052116
121,246.00494,194.44592,0.9757572,254.11441,203.14877,1.0,258.8079,194.35158,0.9864504,262.62097,200.96078,0.97222394,278.59335,220.29924,1.0,291.83478,241.28796,0.96000856,305.36725,263.4635,0.7694712
122,245.98764,193.3437,0.9423858,254.10826,202.24126,0.9907001,259.0451,193.82187,0.97212005,262.55588,200.72585,0.94055855,278.44434,220.284,1.0,291.83478,241.28796,0.94539356,305.36725,263.4635,0.7668127
123,245.98764,193.01581,0.93083376,253.77538,201.80934,0.9757833,259.0451,193.63153,0.95262486,262.38528,200.69128,0.9290605,277.813,220.13547,1.0,291.83478,241.22748,0.9410487,305.34897,263.2658,0.7615605
124,245.98764,192.72974,0.9213396,253.68549,201.5577,0.9680457,259.0451,193.3679,0.9438232,262.3658,200.65019,0.9240427,277.53897,220.11295,1.0,291.83478,240.79926,0.93392897,305.22134,263.11414,0.7552972
125,244.85072,191.03923,0.8813076,252.60002,201.072,0.94763845,258.29385,192.60165,0.910896,260.8092,200.5296,0.9259975,277.53897,219.43669,1.0,292.19284,239.21956,0.8620088,305.22134,262.45178,0.7340105
126,244.6851,190.95541,0.8816776,252.42873,200.93297,0.9385736,258.18005,192.55124,0.91060525,260.6439,200.29713,0.93076396,277.53897,219.20508,1.0,293.0512,236.46577,0.88735557,305.34897,260.08356,0.79025394
127,244.27254,190.95541,0.88704926,252.32281,200.83818,0.9169433,257.161,192.25414,0.89199156,260.6293,200.29713,0.9339076,277.76947,218.69032,1.0,294.23853,235.73398,0.86956245,305.27704,260.08356,0.79370916
128,244.1463,190.95541,0.89411575,252.2778,200.83818,0.92685425,257.02023,192.25414,0.90534717,260.5704,200.2173,0.9345379,277.76947,218.17993,1.0,294.23853,235.62318,0.86422855,305.27704,260.08356,0.79131645
129,243.97493,191.13203,0.8896641,251.97975,200.83818,0.9281187,256.99475,192.18983,0.89997905,260.44687,199.99576,0.94185686,277.76947,218.14746,0.99604803,294.23853,235.37157,0.8467042,305.27704,260.18518,0.7882702
130,242.74434,191.94302,0.8775782,251.56984,201.15721,0.933833,256.7713,192.18983,0.87425977,260.0309,199.82935,0.9310764,277.76947,217.90971,0.9923657,294.17776,235.27185,0.8577124,305.1385,260.18518,0.7891857
131,242.32031,192.03275,0.8741959,251.4794,201.16316,0.9377464,255.25462,191.61742,0.87468654,260.0059,199.65498,0.93412703,277.76947,217.82736,0.98651445,294.12613,235.27185,0.8654361,305.102,260.18518,0.7965515
132,241.73152,193.1579,0.8948454,251.4794,201.98975,0.95400625,254.5033,191.61742,0.8821301,259.29178,199.65498,0.93462455,277.87625,217.68011,0.98578453,294.0753,235.18327,0.86349654,305.08878,260.1332,0.7965831
133,241.72261,194.71486,0.93118334,251.56984,202.56229,0.94568056,254.06557,191.61742,0.8587282,259.29178,199.56656,0.9263885,278.0128,216.98808,0.99690735,294.0753,235.18327,0.86989325,305.06802,260.1332,0.7943232
134,241.64578,195.16275,0.93828255,251.58638,202.71887,0.943545,253.8325,192.12712,0.858695,259.29178,199.56656,0.92704314,278.01947,216.9528,0.9960521,294.0753,235.18327,0.8690656,305.0589,260.1332,0.7941325
135,241.5229,196.03378,0.94366145,251.85799,203.11461,0.9553736,253.7212,192.3939,0.8625098,259.29105,199.60722,0.9338287,278.43665,216.88562,1.0,294.40173,236.29366,0.8336146,304.77118,262.32172,0.745002
136,241.42274,196.26476,0.943255,251.94353,203.21791,0.9534056,253.7212,192.40868,0.8624315,259.30484,199.60722,0.93446505,278.43665,216.88112,1.0,294.40173,236.29366,0.83423775,304.76968,262.32172,0.74479884
137,241.32451,196.77098,0.9484121,251.9861,203.33092,0.96327525,253.58781,192.5664,0.8765354,259.30484,199.60722,0.93666995,278.43665,216.86078,1.0,294.4037,236.29866,0.8350806,304.76968,262.33304,0.74445456
138,241.32451,197.85008,0.95812637,252.311,203.68066,0.9706042,253.44307,193.02281,0.897563,259.30484,199.61046,0.9421104,278.37885,216.80928,1.0,294.4037,236.29366,0.842565,304.77118,262.3357,0.7487117
139,241.20291,197.85008,0.94256043,252.311,203.68066,0.96658975,253.37769,193.02281,0.9026263,259.17365,199.61046,0.93505335,278.36322,216.78705,1.0,294.40173,236.27245,0.84418076,304.77118,262.3357,0.7512526
140,241.19434,197.85008,0.93425614,252.311,203.68066,0.9556481,252.95142,193.02281,0.91765213,259.0899,199.61046,0.9323182,278.33408,216.78539,1.0,294.3921,236.22704,0.8466581,304.76968,262.32028,0.751059
